codigo,fechamento_atual,abertura,maximo,minimo,fechamento_anterior,negocios,quantidade_papeis,volume_financeiro,datahora
ABEV3,16.22,16.27,16.27,16.19,16.33,235,134200,2186400,201701021000
ABEV3,16.22,16.22,16.23,16.21,16.22,96,28700,467389,201701021015
ABEV3,16.21,16.22,16.22,16.2,16.22,101,32400,527347,201701021030
ABEV3,16.22,16.21,16.23,16.19,16.21,156,65200,1061225,201701021045
ABEV3,16.22,16.22,16.23,16.21,16.22,98,30100,490378,201701021100
ABEV3,16.26,16.22,16.27,16.2,16.22,91,37900,617931,201701021115
ABEV3,16.3,16.27,16.31,16.25,16.26,277,127900,2091998,201701021130
ABEV3,16.3,16.31,16.31,16.28,16.3,111,30500,499229,201701021145
ABEV3,16.28,16.29,16.3,16.28,16.3,163,57900,946880,201701021200
ABEV3,16.28,16.28,16.29,16.28,16.28,105,45100,737494,201701021215
ABEV3,16.3,16.29,16.3,16.28,16.28,157,43400,709903,201701021230
ABEV3,16.3,16.3,16.31,16.3,16.3,68,15100,247265,201701021245
ABEV3,16.3,16.31,16.32,16.29,16.3,205,113200,1852878,201701021300
ABEV3,16.32,16.31,16.32,16.29,16.3,349,109900,1799709,201701021315
ABEV3,16.47,16.32,16.51,16.32,16.32,508,278900,4608862,201701021330
ABEV3,16.53,16.48,16.55,16.47,16.47,348,182800,3031786,201701021345
ABEV3,16.54,16.53,16.54,16.53,16.53,168,37400,621065,201701021400
ABEV3,16.57,16.54,16.58,16.53,16.54,384,154100,2562514,201701021415
ABEV3,16.57,16.57,16.59,16.56,16.57,386,169100,2813849,201701021430
ABEV3,16.56,16.57,16.57,16.53,16.57,356,114200,1898966,201701021445
ABEV3,16.56,16.55,16.56,16.54,16.56,361,91000,1512766,201701021500
ABEV3,16.52,16.56,16.56,16.5,16.56,360,98900,1642385,201701021515
ABEV3,16.44,16.52,16.53,16.42,16.52,354,115100,1905796,201701021530
ABEV3,16.38,16.42,16.43,16.35,16.44,427,149300,2456773,201701021545
ABEV3,16.37,16.37,16.39,16.35,16.38,279,134000,2201220,201701021600
ABEV3,16.4,16.37,16.41,16.36,16.37,201,84800,1395482,201701021615
ABEV3,16.33,16.39,16.4,16.3,16.4,492,251500,4129485,201701021630
ABEV3,16.3,16.33,16.33,16.29,16.33,299,107200,1755441,201701021645
ABEV3,16.26,16.32,16.32,16.25,16.3,489,179800,2940091,201701021700
ABEV3,16.27,16.26,16.29,16.26,16.26,484,173900,2841602,201701021715
ABEV3,16.25,16.27,16.3,16.23,16.27,744,217900,3557713,201701021730
ABEV3,16.26,16.25,16.28,16.21,16.25,455,149300,2434588,201701021745
ABEV3,16.24,16.24,16.24,16.24,16.26,114,704700,11493657,201701021800
ABEV3,16.39,16.43,16.43,16.38,16.24,130,174700,2878484,201701031000
ABEV3,16.39,16.38,16.42,16.37,16.39,143,72900,1199988,201701031015
ABEV3,16.45,16.39,16.46,16.38,16.39,291,138400,2282550,201701031030
ABEV3,16.41,16.44,16.45,16.4,16.45,402,126000,2078208,201701031045
ABEV3,16.45,16.41,16.46,16.41,16.41,283,173200,2859914,201701031100
ABEV3,16.48,16.44,16.51,16.42,16.45,309,178900,2959332,201701031115
ABEV3,16.53,16.48,16.53,16.47,16.48,495,227400,3766310,201701031130
ABEV3,16.58,16.53,16.6,16.52,16.53,615,250300,4160584,201701031145
ABEV3,16.55,16.59,16.6,16.54,16.58,469,273000,4542389,201701031200
ABEV3,16.57,16.53,16.57,16.51,16.55,307,225900,3752832,201701031215
ABEV3,16.55,16.56,16.59,16.48,16.57,1882,914900,15192470,201701031230
ABEV3,16.51,16.55,16.56,16.49,16.55,936,464600,7711430,201701031245
ABEV3,16.5,16.51,16.53,16.47,16.51,1086,460700,7631106,201701031300
ABEV3,16.5,16.48,16.52,16.47,16.5,752,409800,6787304,201701031315
ABEV3,16.52,16.48,16.52,16.45,16.5,686,439700,7283363,201701031330
ABEV3,16.56,16.52,16.57,16.49,16.52,664,405200,6725613,201701031345
ABEV3,16.53,16.56,16.56,16.48,16.56,377,212000,3516947,201701031400
ABEV3,16.52,16.53,16.55,16.51,16.53,488,197200,3272459,201701031415
ABEV3,16.48,16.52,16.55,16.47,16.52,498,165700,2749111,201701031430
ABEV3,16.49,16.47,16.49,16.46,16.48,310,62900,1040575,201701031445
ABEV3,16.44,16.49,16.49,16.43,16.49,328,58100,960076,201701031500
ABEV3,16.39,16.44,16.45,16.38,16.44,371,131900,2172989,201701031515
ABEV3,16.42,16.38,16.43,16.38,16.39,382,101000,1664341,201701031530
ABEV3,16.47,16.41,16.47,16.41,16.42,507,553200,9127967,201701031545
ABEV3,16.53,16.47,16.54,16.45,16.47,652,271400,4493085,201701031600
ABEV3,16.51,16.53,16.53,16.45,16.53,615,214900,3557426,201701031615
ABEV3,16.48,16.51,16.51,16.47,16.51,673,276300,4573575,201701031630
ABEV3,16.48,16.48,16.48,16.45,16.48,481,114100,1887055,201701031645
ABEV3,16.49,16.48,16.49,16.44,16.48,577,153900,2544229,201701031700
ABEV3,16.45,16.49,16.49,16.44,16.49,672,188800,3122577,201701031715
ABEV3,16.49,16.45,16.5,16.44,16.45,595,202900,3356707,201701031730
ABEV3,16.52,16.49,16.52,16.48,16.49,630,334700,5544558,201701031745
ABEV3,16.57,16.57,16.57,16.57,16.52,284,1360900,22645376,201701031800
ABEV3,16.53,16.59,16.59,16.48,16.57,120,204900,3401233,201701041000
ABEV3,16.54,16.52,16.54,16.5,16.53,142,110800,1837993,201701041015
ABEV3,16.55,16.54,16.56,16.5,16.54,243,106300,1765047,201701041030
ABEV3,16.49,16.55,16.57,16.49,16.55,327,125400,2081670,201701041045
ABEV3,16.55,16.5,16.55,16.49,16.49,164,43400,719911,201701041100
ABEV3,16.53,16.56,16.56,16.51,16.55,152,239700,3979154,201701041115
ABEV3,16.53,16.53,16.57,16.52,16.53,367,139000,2308833,201701041130
ABEV3,16.55,16.53,16.57,16.53,16.53,225,86600,1439122,201701041145
ABEV3,16.44,16.55,16.56,16.4,16.55,423,189100,3127343,201701041200
ABEV3,16.45,16.44,16.5,16.44,16.44,193,50700,838055,201701041215
ABEV3,16.53,16.46,16.56,16.43,16.45,560,243600,4037195,201701041230
ABEV3,16.49,16.53,16.54,16.47,16.53,405,159500,2644388,201701041245
ABEV3,16.47,16.5,16.5,16.46,16.49,471,177400,2936433,201701041300
ABEV3,16.43,16.47,16.47,16.39,16.47,787,567800,9358150,201701041315
ABEV3,16.46,16.43,16.47,16.43,16.43,227,102200,1687830,201701041330
ABEV3,16.48,16.47,16.48,16.44,16.46,265,134800,2227854,201701041345
ABEV3,16.48,16.48,16.51,16.47,16.48,357,120100,1989124,201701041400
ABEV3,16.51,16.49,16.51,16.47,16.48,613,285900,4734748,201701041415
ABEV3,16.53,16.51,16.54,16.5,16.51,321,106700,1770467,201701041430
ABEV3,16.49,16.53,16.53,16.48,16.53,476,185200,3071040,201701041445
ABEV3,16.52,16.49,16.53,16.48,16.49,324,103500,1715718,201701041500
ABEV3,16.49,16.52,16.53,16.49,16.52,321,84100,1394740,201701041515
ABEV3,16.49,16.5,16.51,16.49,16.49,262,51400,851559,201701041530
ABEV3,16.51,16.5,16.52,16.49,16.49,245,71400,1183482,201701041545
ABEV3,16.51,16.52,16.52,16.49,16.51,219,56800,941672,201701041600
ABEV3,16.49,16.52,16.52,16.49,16.51,413,118500,1964164,201701041615
ABEV3,16.5,16.5,16.53,16.5,16.49,511,197800,3280815,201701041630
ABEV3,16.46,16.5,16.52,16.45,16.5,520,172000,2848033,201701041645
ABEV3,16.47,16.47,16.48,16.43,16.46,967,337200,5574410,201701041700
ABEV3,16.44,16.48,16.49,16.43,16.47,440,138600,2291113,201701041715
ABEV3,16.41,16.44,16.47,16.41,16.44,598,206900,3415330,201701041730
ABEV3,16.39,16.41,16.42,16.36,16.41,474,189800,3123812,201701041745
ABEV3,16.44,16.44,16.44,16.44,16.39,130,4319400,71313294,201701041800
ABEV3,16.45,16.45,16.49,16.44,16.44,79,34600,572248,201701051000
ABEV3,16.46,16.46,16.47,16.45,16.45,53,13900,229750,201701051015
ABEV3,16.48,16.46,16.51,16.45,16.46,168,108600,1797939,201701051030
ABEV3,16.49,16.47,16.52,16.47,16.48,150,57500,952336,201701051045
ABEV3,16.51,16.5,16.54,16.47,16.49,304,131100,2173882,201701051100
ABEV3,16.55,16.5,16.57,16.49,16.51,386,217600,3615185,201701051115
ABEV3,16.55,16.55,16.56,16.54,16.55,279,119400,1984457,201701051130
ABEV3,16.52,16.54,16.55,16.5,16.55,311,109400,1815044,201701051145
ABEV3,16.45,16.51,16.52,16.45,16.52,487,231300,3826918,201701051200
ABEV3,16.45,16.45,16.46,16.41,16.45,420,175400,2897333,201701051215
ABEV3,16.49,16.45,16.52,16.44,16.45,571,322500,5336895,201701051230
ABEV3,16.48,16.49,16.5,16.45,16.49,565,307700,5092585,201701051245
ABEV3,16.5,16.48,16.51,16.47,16.48,459,219900,3640936,201701051300
ABEV3,16.49,16.49,16.53,16.49,16.5,390,164500,2727271,201701051315
ABEV3,16.48,16.49,16.52,16.47,16.49,470,185400,3071374,201701051330
ABEV3,16.53,16.48,16.55,16.48,16.48,765,521000,8643730,201701051345
ABEV3,16.5,16.52,16.53,16.48,16.53,421,112300,1861406,201701051400
ABEV3,16.53,16.49,16.53,16.48,16.5,428,163200,2706678,201701051415
ABEV3,16.52,16.52,16.53,16.48,16.53,456,148800,2466908,201701051430
ABEV3,16.51,16.52,16.52,16.49,16.52,337,96400,1597510,201701051445
ABEV3,16.48,16.5,16.52,16.48,16.51,371,112700,1867618,201701051500
ABEV3,16.51,16.48,16.52,16.48,16.48,591,232700,3856440,201701051515
ABEV3,16.52,16.5,16.52,16.5,16.51,476,259500,4304125,201701051530
ABEV3,16.52,16.51,16.53,16.5,16.52,591,357200,5925341,201701051545
ABEV3,16.52,16.52,16.53,16.52,16.52,618,337200,5597137,201701051600
ABEV3,16.6,16.52,16.63,16.52,16.52,809,452800,7537421,201701051615
ABEV3,16.61,16.6,16.62,16.58,16.6,527,278900,4650428,201701051630
ABEV3,16.62,16.59,16.63,16.57,16.61,867,416800,6950318,201701051645
ABEV3,16.65,16.62,16.67,16.61,16.62,943,351300,5868148,201701051700
ABEV3,16.67,16.65,16.68,16.64,16.65,952,285600,4780150,201701051715
ABEV3,16.6,16.66,16.67,16.59,16.67,1491,549400,9185564,201701051730
ABEV3,16.58,16.59,16.61,16.56,16.6,661,837700,13945717,201701051745
ABEV3,16.53,16.53,16.53,16.53,16.58,153,3643500,60482100,201701051800
ABEV3,16.53,16.52,16.56,16.49,16.53,169,110900,1841994,201701061000
ABEV3,16.52,16.54,16.54,16.5,16.53,227,72500,1203072,201701061015
ABEV3,16.54,16.52,16.57,16.51,16.52,144,57900,961747,201701061030
ABEV3,16.53,16.54,16.56,16.51,16.54,98,27100,449991,201701061045
ABEV3,16.52,16.53,16.55,16.51,16.53,145,38800,643959,201701061100
ABEV3,16.53,16.52,16.55,16.51,16.52,135,46100,765307,201701061115
ABEV3,16.54,16.54,16.57,16.54,16.53,283,87700,1457781,201701061130
ABEV3,16.49,16.54,16.54,16.49,16.54,264,64800,1074696,201701061145
ABEV3,16.49,16.49,16.51,16.47,16.49,273,69500,1150402,201701061200
ABEV3,16.5,16.49,16.51,16.48,16.49,181,36500,604698,201701061215
ABEV3,16.47,16.49,16.52,16.47,16.5,430,92400,1530321,201701061230
ABEV3,16.45,16.47,16.49,16.42,16.47,1051,372600,6154297,201701061245
ABEV3,16.45,16.45,16.5,16.45,16.45,682,199300,3296084,201701061300
ABEV3,16.5,16.45,16.5,16.45,16.45,402,88700,1466907,201701061315
ABEV3,16.48,16.5,16.51,16.46,16.5,510,123200,2039242,201701061330
ABEV3,16.47,16.47,16.5,16.46,16.48,367,72700,1203058,201701061345
ABEV3,16.47,16.47,16.5,16.46,16.47,434,139800,2313271,201701061400
ABEV3,16.44,16.47,16.48,16.43,16.47,1874,1027600,16983553,201701061415
ABEV3,16.39,16.44,16.45,16.38,16.44,671,200600,3306171,201701061430
ABEV3,16.37,16.39,16.45,16.37,16.39,675,204500,3368611,201701061445
ABEV3,16.31,16.37,16.38,16.29,16.37,1292,440000,7224196,201701061500
ABEV3,16.36,16.31,16.37,16.3,16.31,834,283000,4640786,201701061515
ABEV3,16.37,16.36,16.41,16.34,16.36,742,166500,2737204,201701061530
ABEV3,16.41,16.38,16.41,16.37,16.37,959,138000,2272222,201701061545
ABEV3,16.38,16.4,16.42,16.37,16.41,1084,165300,2721206,201701061600
ABEV3,16.4,16.39,16.41,16.38,16.38,774,132000,2173246,201701061615
ABEV3,16.4,16.39,16.41,16.38,16.4,724,110600,1820968,201701061630
ABEV3,16.41,16.4,16.41,16.39,16.4,781,353200,5819898,201701061645
ABEV3,16.39,16.4,16.42,16.37,16.41,616,174600,2874335,201701061700
ABEV3,16.42,16.39,16.43,16.38,16.39,671,254100,4185958,201701061715
ABEV3,16.34,16.41,16.42,16.32,16.42,646,762100,12531144,201701061730
ABEV3,16.37,16.34,16.4,16.33,16.34,704,271900,4469606,201701061745
ABEV3,16.39,16.39,16.39,16.39,16.37,136,1478700,24339402,201701061800
ABEV3,16.36,16.39,16.39,16.36,16.39,116,32400,532930,201701091000
ABEV3,16.32,16.37,16.38,16.3,16.36,112,49600,813559,201701091015
ABEV3,16.36,16.32,16.36,16.31,16.32,197,231400,3797538,201701091030
ABEV3,16.37,16.36,16.37,16.32,16.36,203,68600,1125587,201701091045
ABEV3,16.47,16.37,16.47,16.36,16.37,316,103400,1705548,201701091100
ABEV3,16.49,16.47,16.5,16.46,16.47,327,152400,2523862,201701091115
ABEV3,16.55,16.49,16.55,16.47,16.49,366,211800,3513674,201701091130
ABEV3,16.59,16.55,16.59,16.54,16.55,375,130200,2166535,201701091145
ABEV3,16.6,16.59,16.63,16.57,16.59,586,199200,3319762,201701091200
ABEV3,16.64,16.6,16.65,16.58,16.6,617,334900,5587834,201701091215
ABEV3,16.64,16.64,16.66,16.59,16.64,1024,313500,5235257,201701091230
ABEV3,16.63,16.64,16.67,16.62,16.64,770,221000,3693203,201701091245
ABEV3,16.62,16.62,16.63,16.6,16.63,582,106900,1784129,201701091300
ABEV3,16.56,16.61,16.63,16.55,16.62,913,695400,11584941,201701091315
ABEV3,16.54,16.57,16.57,16.54,16.56,822,161800,2690090,201701091330
ABEV3,16.55,16.55,16.57,16.53,16.54,992,257900,4286118,201701091345
ABEV3,16.54,16.55,16.59,16.53,16.55,1419,516600,8587150,201701091400
ABEV3,16.54,16.54,16.57,16.53,16.54,1196,326700,5428790,201701091415
ABEV3,16.54,16.55,16.57,16.53,16.54,1189,280000,4652729,201701091430
ABEV3,16.47,16.54,16.55,16.44,16.54,1358,315100,5223447,201701091445
ABEV3,16.45,16.46,16.48,16.44,16.47,1497,301400,4982022,201701091500
ABEV3,16.46,16.45,16.48,16.45,16.45,851,183100,3027580,201701091515
ABEV3,16.46,16.46,16.49,16.44,16.46,745,171900,2842741,201701091530
ABEV3,16.45,16.45,16.49,16.44,16.46,555,138900,2296841,201701091545
ABEV3,16.48,16.45,16.49,16.45,16.45,635,156900,2593788,201701091600
ABEV3,16.47,16.47,16.49,16.44,16.48,542,124900,2064832,201701091615
ABEV3,16.47,16.47,16.49,16.45,16.47,715,168600,2788833,201701091630
ABEV3,16.44,16.47,16.48,16.43,16.47,750,205500,3396305,201701091645
ABEV3,16.45,16.44,16.47,16.44,16.44,700,196600,3248150,201701091700
ABEV3,16.42,16.44,16.45,16.42,16.45,623,257200,4244457,201701091715
ABEV3,16.44,16.42,16.46,16.4,16.42,864,742800,12251853,201701091730
ABEV3,16.44,16.44,16.47,16.43,16.44,797,218200,3602210,201701091745
ABEV3,16.46,16.46,16.46,16.46,16.44,135,1178300,19477299,201701091800
ABEV3,16.57,16.55,16.6,16.55,16.46,190,87500,1456597,201701101000
ABEV3,16.51,16.58,16.58,16.5,16.57,323,125400,2081591,201701101015
ABEV3,16.5,16.52,16.55,16.5,16.51,264,90900,1508541,201701101030
ABEV3,16.52,16.51,16.53,16.5,16.5,221,63600,1054709,201701101045
ABEV3,16.55,16.52,16.55,16.5,16.52,215,77500,1286197,201701101100
ABEV3,16.54,16.56,16.56,16.53,16.55,265,58700,975512,201701101115
ABEV3,16.53,16.54,16.55,16.51,16.54,319,81600,1354356,201701101130
ABEV3,16.51,16.53,16.53,16.49,16.53,280,97300,1613491,201701101145
ABEV3,16.48,16.51,16.52,16.45,16.51,296,196200,3248566,201701101200
ABEV3,16.48,16.48,16.48,16.41,16.48,356,146300,2416465,201701101215
ABEV3,16.43,16.47,16.48,16.41,16.48,440,184100,3043232,201701101230
ABEV3,16.39,16.42,16.43,16.38,16.43,514,796600,13138194,201701101245
ABEV3,16.38,16.4,16.41,16.31,16.39,913,465300,7638557,201701101300
ABEV3,16.41,16.37,16.43,16.34,16.38,407,751100,12334928,201701101315
ABEV3,16.31,16.42,16.43,16.31,16.41,750,255900,4202417,201701101330
ABEV3,16.29,16.31,16.33,16.28,16.31,861,279000,4567238,201701101345
ABEV3,16.34,16.29,16.36,16.29,16.29,305,87400,1433464,201701101400
ABEV3,16.34,16.35,16.36,16.34,16.34,280,70000,1148980,201701101415
ABEV3,16.35,16.34,16.36,16.34,16.34,239,52300,858696,201701101430
ABEV3,16.33,16.35,16.36,16.32,16.35,384,115500,1894957,201701101445
ABEV3,16.33,16.33,16.34,16.31,16.33,376,100400,1645604,201701101500
ABEV3,16.35,16.32,16.36,16.32,16.33,288,73200,1201395,201701101515
ABEV3,16.31,16.36,16.36,16.31,16.35,489,238500,3910083,201701101530
ABEV3,16.3,16.31,16.32,16.28,16.31,1336,303600,4969490,201701101545
ABEV3,16.31,16.29,16.32,16.28,16.3,1069,257500,4214303,201701101600
ABEV3,16.3,16.31,16.32,16.28,16.31,948,191700,3137682,201701101615
ABEV3,16.29,16.3,16.31,16.29,16.3,853,323200,5290352,201701101630
ABEV3,16.29,16.3,16.3,16.28,16.29,1230,250500,4097752,201701101645
ABEV3,16.28,16.29,16.3,16.26,16.29,1406,267400,4370242,201701101700
ABEV3,16.27,16.27,16.29,16.26,16.28,1474,223700,3656555,201701101715
ABEV3,16.26,16.27,16.29,16.24,16.27,1913,325300,5314018,201701101730
ABEV3,16.25,16.28,16.29,16.25,16.26,1132,181300,2961768,201701101745
ABEV3,16.27,16.27,16.27,16.27,16.25,142,1069300,17472362,201701101800
ABEV3,16.39,16.37,16.41,16.34,16.27,261,185800,3057494,201701111000
ABEV3,16.4,16.39,16.42,16.37,16.39,189,60800,1000769,201701111015
ABEV3,16.33,16.39,16.4,16.32,16.4,298,131200,2153943,201701111030
ABEV3,16.31,16.33,16.35,16.29,16.33,166,53000,868576,201701111045
ABEV3,16.3,16.32,16.32,16.29,16.31,115,22100,361922,201701111100
ABEV3,16.34,16.29,16.37,16.29,16.3,202,111400,1825115,201701111115
ABEV3,16.3,16.34,16.35,16.3,16.34,211,97000,1590813,201701111130
ABEV3,16.31,16.3,16.33,16.28,16.3,291,233700,3827226,201701111145
ABEV3,16.18,16.31,16.32,16.15,16.31,532,267300,4359203,201701111200
ABEV3,16.19,16.18,16.21,16.11,16.18,304,139300,2259366,201701111215
ABEV3,16.17,16.19,16.23,16.13,16.19,679,235400,3826395,201701111230
ABEV3,16.17,16.17,16.2,16.16,16.17,276,247100,4016661,201701111245
ABEV3,16.16,16.18,16.21,16.12,16.17,1780,1418700,23011138,201701111300
ABEV3,16.2,16.16,16.21,16.14,16.16,305,124900,2028721,201701111315
ABEV3,16.15,16.19,16.19,16.14,16.2,539,202100,3281720,201701111330
ABEV3,16.13,16.16,16.16,16.12,16.15,460,230500,3734697,201701111345
ABEV3,16.12,16.13,16.14,16.11,16.13,276,125500,2032714,201701111400
ABEV3,16.11,16.12,16.15,16.1,16.12,814,442000,7158032,201701111415
ABEV3,16.14,16.12,16.16,16.11,16.11,387,141800,2297374,201701111430
ABEV3,16.19,16.14,16.22,16.14,16.14,727,331800,5394523,201701111445
ABEV3,16.2,16.19,16.23,16.17,16.19,1099,837200,13619897,201701111500
ABEV3,16.24,16.2,16.25,16.18,16.2,696,321100,5228426,201701111515
ABEV3,16.22,16.24,16.25,16.22,16.24,624,207300,3379786,201701111530
ABEV3,16.3,16.23,16.31,16.21,16.22,691,258200,4218339,201701111545
ABEV3,16.31,16.31,16.32,16.25,16.3,1576,542000,8868912,201701111600
ABEV3,16.26,16.31,16.32,16.23,16.31,874,347000,5673323,201701111615
ABEV3,16.31,16.27,16.32,16.24,16.26,687,215100,3517702,201701111630
ABEV3,16.3,16.32,16.32,16.28,16.31,469,150600,2465985,201701111645
ABEV3,16.32,16.3,16.33,16.28,16.3,583,247800,4059391,201701111700
ABEV3,16.33,16.32,16.35,16.31,16.32,570,211100,3463118,201701111715
ABEV3,16.36,16.34,16.37,16.33,16.33,705,301600,4954705,201701111730
ABEV3,16.36,16.36,16.39,16.34,16.36,1028,352300,5790929,201701111745
ABEV3,16.34,16.34,16.34,16.34,16.36,125,902100,14803461,201701111800
ABEV3,16.78,16.54,16.84,16.48,16.34,1041,1042600,17511780,201701121000
ABEV3,16.69,16.79,16.8,16.67,16.78,989,473100,7942483,201701121015
ABEV3,16.74,16.69,16.78,16.69,16.69,549,294300,4946368,201701121030
ABEV3,16.69,16.74,16.77,16.69,16.74,527,291500,4895822,201701121045
ABEV3,16.72,16.69,16.74,16.69,16.69,642,525000,8818115,201701121100
ABEV3,16.71,16.72,16.73,16.7,16.72,364,152400,2558852,201701121115
ABEV3,16.66,16.7,16.73,16.56,16.71,500,260900,4361006,201701121130
ABEV3,16.73,16.67,16.76,16.67,16.66,648,232100,3893890,201701121145
ABEV3,16.71,16.72,16.73,16.69,16.73,465,130200,2186034,201701121200
ABEV3,16.69,16.71,16.71,16.66,16.71,567,166800,2796026,201701121215
ABEV3,16.68,16.69,16.73,16.65,16.69,1059,394400,6612182,201701121230
ABEV3,16.71,16.67,16.71,16.62,16.68,1052,591300,9893239,201701121245
ABEV3,16.67,16.71,16.74,16.66,16.71,1408,467200,7837945,201701121300
ABEV3,16.69,16.67,16.71,16.64,16.67,1243,375700,6289174,201701121315
ABEV3,16.71,16.69,16.73,16.68,16.69,1165,414600,6955088,201701121330
ABEV3,16.73,16.72,16.74,16.69,16.71,851,231700,3890622,201701121345
ABEV3,16.73,16.73,16.74,16.7,16.73,763,281500,4727686,201701121400
ABEV3,16.73,16.73,16.73,16.71,16.73,661,285700,4798956,201701121415
ABEV3,16.73,16.73,16.74,16.71,16.73,863,405900,6818264,201701121430
ABEV3,16.72,16.73,16.78,16.72,16.73,1079,427700,7189680,201701121445
ABEV3,16.76,16.73,16.8,16.73,16.72,930,402200,6770436,201701121500
ABEV3,16.88,16.76,16.88,16.75,16.76,1188,1418400,23997383,201701121515
ABEV3,16.88,16.88,16.93,16.86,16.88,1335,520100,8829035,201701121530
ABEV3,16.88,16.89,16.89,16.81,16.88,962,353500,5983284,201701121545
ABEV3,16.84,16.88,16.89,16.81,16.88,912,304800,5158379,201701121600
ABEV3,16.85,16.85,16.87,16.83,16.84,744,299500,5068466,201701121615
ABEV3,16.83,16.84,16.85,16.79,16.85,982,463200,7824693,201701121630
ABEV3,16.79,16.82,16.85,16.78,16.83,1043,334200,5646081,201701121645
ABEV3,16.8,16.79,16.83,16.78,16.79,834,160000,2699972,201701121700
ABEV3,16.86,16.81,16.88,16.77,16.8,1595,649400,10971204,201701121715
ABEV3,16.93,16.87,16.93,16.85,16.86,1387,692400,11741860,201701121730
ABEV3,16.9,16.92,16.95,16.89,16.93,830,476400,8094272,201701121745
ABEV3,16.86,16.86,16.86,16.86,16.9,192,4821700,81631381,201701121800
ABEV3,17.05,17.02,17.05,16.98,16.86,312,226900,3877696,201701131000
ABEV3,16.97,17.05,17.06,16.91,17.05,428,225200,3840345,201701131015
ABEV3,16.93,16.98,17,16.93,16.97,258,241900,4122424,201701131030
ABEV3,16.95,16.94,16.97,16.93,16.93,265,99700,1697077,201701131045
ABEV3,16.93,16.96,16.96,16.93,16.95,173,69200,1177180,201701131100
ABEV3,16.87,16.94,16.94,16.84,16.93,326,120700,2047289,201701131115
ABEV3,16.81,16.86,16.91,16.74,16.87,528,213000,3595047,201701131130
ABEV3,16.74,16.8,16.8,16.74,16.81,285,94700,1595564,201701131145
ABEV3,16.75,16.75,16.76,16.73,16.74,305,94200,1584390,201701131200
ABEV3,16.79,16.74,16.8,16.7,16.75,472,150900,2538241,201701131215
ABEV3,16.84,16.79,16.86,16.78,16.79,636,177700,3001479,201701131230
ABEV3,16.76,16.84,16.85,16.74,16.84,814,258200,4348688,201701131245
ABEV3,16.77,16.76,16.81,16.75,16.76,698,192500,3243511,201701131300
ABEV3,16.8,16.76,16.84,16.75,16.77,803,261400,4404990,201701131315
ABEV3,16.83,16.81,16.83,16.78,16.8,970,326300,5501043,201701131330
ABEV3,16.83,16.82,16.85,16.81,16.83,363,73300,1238978,201701131345
ABEV3,16.9,16.84,16.92,16.82,16.83,618,131500,2228262,201701131400
ABEV3,16.93,16.89,16.95,16.88,16.9,1661,330200,5609295,201701131415
ABEV3,16.9,16.93,17,16.88,16.93,1186,2461900,41773115,201701131430
ABEV3,16.94,16.91,16.94,16.9,16.9,528,124300,2111856,201701131445
ABEV3,16.97,16.93,16.98,16.91,16.94,551,157900,2687038,201701131500
ABEV3,16.98,16.97,16.99,16.95,16.97,793,418700,7137032,201701131515
ABEV3,16.95,16.98,16.99,16.94,16.98,1010,242400,4132628,201701131530
ABEV3,16.9,16.94,16.96,16.88,16.95,1081,286000,4857548,201701131545
ABEV3,16.94,16.89,16.94,16.89,16.9,1324,687800,11684506,201701131600
ABEV3,16.96,16.94,16.96,16.92,16.94,1326,234200,3983993,201701131615
ABEV3,16.96,16.94,16.97,16.94,16.96,610,116300,1980161,201701131630
ABEV3,16.99,16.97,16.99,16.95,16.96,686,148200,2525547,201701131645
ABEV3,16.98,16.98,17.01,16.97,16.99,794,265400,4526644,201701131700
ABEV3,16.99,16.99,16.99,16.95,16.98,563,189300,3226964,201701131715
ABEV3,16.98,16.99,16.99,16.95,16.99,668,241200,4111970,201701131730
ABEV3,17,16.97,17,16.96,16.98,562,192100,3274744,201701131745
ABEV3,17.04,17.04,17.04,17.04,17,154,1046100,17898771,201701131800
ABEV3,17,17.07,17.07,16.97,17.04,87,51200,875180,201701161000
ABEV3,17.07,17,17.13,16.99,17,145,58900,1009130,201701161015
ABEV3,17.06,17.03,17.07,17,17.07,148,56900,973751,201701161030
ABEV3,17.03,17.05,17.06,17.01,17.06,260,61700,1055406,201701161045
ABEV3,17.05,17.03,17.05,17.01,17.03,185,32100,548796,201701161100
ABEV3,17.02,17.05,17.06,17,17.05,219,59900,1023830,201701161115
ABEV3,16.93,17.02,17.03,16.89,17.02,436,152100,2589365,201701161130
ABEV3,16.94,16.92,16.95,16.91,16.93,314,77400,1315765,201701161145
ABEV3,16.92,16.94,16.94,16.9,16.94,315,64100,1089073,201701161200
ABEV3,16.9,16.91,16.92,16.89,16.92,277,53900,915096,201701161215
ABEV3,16.88,16.91,16.93,16.86,16.9,698,295500,5013001,201701161230
ABEV3,16.97,16.88,16.98,16.87,16.88,520,167600,2843952,201701161245
ABEV3,16.93,16.98,17.03,16.93,16.97,341,90600,1544951,201701161300
ABEV3,16.94,16.94,16.95,16.92,16.93,250,59600,1013317,201701161315
ABEV3,16.95,16.94,16.98,16.93,16.94,307,74700,1271764,201701161330
ABEV3,16.92,16.96,16.99,16.91,16.95,480,110900,1887961,201701161345
ABEV3,16.96,16.93,16.98,16.91,16.92,506,90300,1537202,201701161400
ABEV3,16.95,16.96,16.98,16.94,16.96,653,123900,2110650,201701161415
ABEV3,16.93,16.96,16.97,16.92,16.95,742,170800,2905991,201701161430
ABEV3,16.9,16.93,16.96,16.88,16.93,953,290300,4932913,201701161445
ABEV3,16.9,16.9,16.93,16.88,16.9,700,654100,11110422,201701161500
ABEV3,16.9,16.9,16.95,16.88,16.9,1038,1839400,31185140,201701161515
ABEV3,16.89,16.89,16.99,16.88,16.9,824,827200,14028793,201701161530
ABEV3,16.9,16.89,16.91,16.89,16.89,629,101100,1715721,201701161545
ABEV3,16.88,16.91,16.91,16.88,16.9,562,123700,2097304,201701161600
ABEV3,16.86,16.88,16.88,16.86,16.88,569,134400,2276800,201701161615
ABEV3,16.83,16.86,16.88,16.83,16.86,724,173000,2927139,201701161630
ABEV3,16.86,16.85,16.89,16.83,16.83,644,108100,1830983,201701161645
ABEV3,16.87,16.88,16.89,16.84,16.86,581,81200,1375287,201701161700
ABEV3,16.9,16.85,16.92,16.85,16.87,801,661300,11208007,201701161715
ABEV3,16.87,16.9,16.95,16.87,16.9,719,259100,4399405,201701161730
ABEV3,16.93,16.87,16.93,16.87,16.87,352,113700,1930841,201701161745
ABEV3,16.98,16.98,16.98,16.98,16.93,138,982300,16748215,201701161800
ABEV3,16.75,16.91,16.91,16.73,16.98,415,220900,3724213,201701171000
ABEV3,16.75,16.75,16.78,16.75,16.75,239,121700,2048875,201701171015
ABEV3,16.78,16.76,16.8,16.75,16.75,160,152600,2571165,201701171030
ABEV3,16.78,16.78,16.79,16.74,16.78,300,163600,2753609,201701171045
ABEV3,16.82,16.76,16.83,16.76,16.78,504,156500,2641842,201701171100
ABEV3,16.75,16.83,16.84,16.75,16.82,249,154300,2601107,201701171115
ABEV3,16.77,16.74,16.79,16.74,16.75,504,347800,5857407,201701171130
ABEV3,16.79,16.78,16.8,16.77,16.77,367,130700,2203444,201701171145
ABEV3,16.77,16.79,16.8,16.77,16.79,237,102200,1722601,201701171200
ABEV3,16.78,16.77,16.8,16.75,16.77,710,249600,4204791,201701171215
ABEV3,16.77,16.79,16.81,16.75,16.78,742,293900,4953148,201701171230
ABEV3,16.8,16.75,16.81,16.75,16.77,667,290300,4891297,201701171245
ABEV3,16.94,16.8,16.98,16.79,16.8,1028,672300,11410851,201701171300
ABEV3,16.9,16.94,16.97,16.89,16.94,671,950300,16175612,201701171315
ABEV3,17.02,16.9,17.02,16.9,16.9,772,340300,5795145,201701171330
ABEV3,16.98,17.02,17.02,16.96,17.02,599,312600,5331097,201701171345
ABEV3,17,16.99,17.02,16.98,16.98,467,202600,3458835,201701171400
ABEV3,16.95,17.01,17.02,16.93,17,524,1973500,33701558,201701171415
ABEV3,16.94,16.96,16.97,16.92,16.95,1140,706600,12017328,201701171430
ABEV3,16.98,16.94,16.99,16.92,16.94,1134,387100,6593136,201701171445
ABEV3,16.98,16.99,17,16.97,16.98,649,177500,3027816,201701171500
ABEV3,17,16.99,17.01,16.98,16.98,724,165400,2824014,201701171515
ABEV3,16.99,17,17.01,16.99,17,925,217900,3720186,201701171530
ABEV3,17.03,17,17.05,16.99,16.99,1095,276000,4714365,201701171545
ABEV3,17.04,17.04,17.04,17.01,17.03,755,681700,11656173,201701171600
ABEV3,17.06,17.04,17.06,17.03,17.04,470,433400,7417180,201701171615
ABEV3,17.05,17.06,17.06,17.04,17.06,780,335200,5740867,201701171630
ABEV3,17.05,17.06,17.06,17.04,17.05,527,357400,6118942,201701171645
ABEV3,17.08,17.05,17.09,17.04,17.05,1038,2355700,40369120,201701171700
ABEV3,17.08,17.08,17.09,17.05,17.08,932,418900,7181872,201701171715
ABEV3,17.09,17.08,17.11,17.06,17.08,742,1322700,22705295,201701171730
ABEV3,17.11,17.1,17.13,17.09,17.09,498,273200,4692043,201701171745
ABEV3,17.13,17.13,17.13,17.13,17.11,316,3313400,56990480,201701171800
ABEV3,17.1,17.15,17.15,17.09,17.13,360,226400,3892585,201701181000
ABEV3,17.13,17.12,17.13,17.1,17.1,160,72500,1245823,201701181015
ABEV3,17.11,17.13,17.15,17.1,17.13,538,192000,3301574,201701181030
ABEV3,17.09,17.13,17.14,17.09,17.11,185,69400,1191997,201701181045
ABEV3,17.08,17.1,17.1,17.05,17.09,387,417000,7149535,201701181100
ABEV3,17.07,17.08,17.1,17.06,17.08,327,129700,2224817,201701181115
ABEV3,17.06,17.06,17.08,17.05,17.07,278,56600,969472,201701181130
ABEV3,17.03,17.06,17.06,16.98,17.06,703,453100,7744858,201701181145
ABEV3,17.08,17.02,17.1,17,17.03,569,183900,3147714,201701181200
ABEV3,17.07,17.07,17.12,17.01,17.08,570,142800,2445532,201701181215
ABEV3,17.17,17.07,17.17,17.05,17.07,1625,941600,16190376,201701181230
ABEV3,17.2,17.15,17.22,17.13,17.17,995,2211100,38206946,201701181245
ABEV3,17.22,17.21,17.23,17.19,17.2,506,239700,4142770,201701181300
ABEV3,17.18,17.22,17.22,17.16,17.22,493,134100,2314660,201701181315
ABEV3,17.24,17.17,17.29,17.16,17.18,1000,1184500,20499494,201701181330
ABEV3,17.35,17.24,17.4,17.24,17.24,952,528900,9201784,201701181345
ABEV3,17.43,17.34,17.47,17.34,17.35,974,450100,7867316,201701181400
ABEV3,17.44,17.43,17.45,17.37,17.43,1017,1509500,26410245,201701181415
ABEV3,17.42,17.44,17.45,17.39,17.44,704,722200,12638276,201701181430
ABEV3,17.36,17.42,17.46,17.35,17.42,720,2027300,35473051,201701181445
ABEV3,17.34,17.35,17.36,17.32,17.36,733,620300,10796291,201701181500
ABEV3,17.32,17.33,17.34,17.29,17.34,882,1114800,19394787,201701181515
ABEV3,17.36,17.32,17.36,17.31,17.32,571,231300,4025872,201701181530
ABEV3,17.34,17.35,17.36,17.33,17.36,484,180800,3148149,201701181545
ABEV3,17.33,17.34,17.37,17.33,17.34,662,252700,4400798,201701181600
ABEV3,17.33,17.34,17.36,17.32,17.33,961,391700,6818803,201701181615
ABEV3,17.32,17.32,17.34,17.29,17.33,478,154900,2693270,201701181630
ABEV3,17.37,17.33,17.39,17.32,17.32,848,893600,15583943,201701181645
ABEV3,17.33,17.37,17.39,17.31,17.37,1087,411500,7160572,201701181700
ABEV3,17.23,17.31,17.33,17.22,17.33,1296,496400,8616352,201701181715
ABEV3,17.24,17.22,17.28,17.22,17.23,959,392900,6805568,201701181730
ABEV3,17.22,17.24,17.28,17.22,17.24,589,214500,3712265,201701181745
ABEV3,17.19,17.19,17.19,17.19,17.22,145,1564400,27001544,201701181800
ABEV3,17.22,17.2,17.3,17.15,17.19,227,105900,1831787,201701191000
ABEV3,17.2,17.23,17.23,17.16,17.22,220,43600,752795,201701191015
ABEV3,17.15,17.21,17.21,17.08,17.2,311,109100,1876672,201701191030
ABEV3,17.19,17.15,17.2,17.13,17.15,526,123000,2121109,201701191045
ABEV3,17.29,17.19,17.31,17.17,17.19,747,388800,6726998,201701191100
ABEV3,17.42,17.3,17.42,17.3,17.29,561,229800,4005902,201701191115
ABEV3,17.35,17.42,17.43,17.34,17.42,353,212600,3711800,201701191130
ABEV3,17.37,17.36,17.42,17.33,17.35,379,168500,2938694,201701191145
ABEV3,17.33,17.37,17.41,17.33,17.37,342,105000,1831718,201701191200
ABEV3,17.37,17.34,17.38,17.33,17.33,484,338600,5902431,201701191215
ABEV3,17.26,17.35,17.37,17.2,17.37,1861,565000,9812187,201701191230
ABEV3,17.27,17.25,17.28,17.23,17.26,821,347300,6015367,201701191245
ABEV3,17.33,17.28,17.38,17.26,17.27,1078,490900,8533794,201701191300
ABEV3,17.29,17.33,17.34,17.28,17.33,538,82300,1429984,201701191315
ABEV3,17.29,17.29,17.3,17.23,17.29,717,214100,3712977,201701191330
ABEV3,17.29,17.29,17.3,17.27,17.29,483,96800,1680262,201701191345
ABEV3,17.34,17.28,17.34,17.27,17.29,755,186900,3244804,201701191400
ABEV3,17.36,17.33,17.36,17.3,17.34,593,258500,4498031,201701191415
ABEV3,17.33,17.36,17.37,17.31,17.36,872,403800,7026892,201701191430
ABEV3,17.36,17.32,17.37,17.31,17.33,933,323700,5638962,201701191445
ABEV3,17.37,17.36,17.4,17.35,17.36,564,116900,2039569,201701191500
ABEV3,17.31,17.38,17.38,17.31,17.37,535,190800,3321977,201701191515
ABEV3,17.29,17.32,17.33,17.29,17.31,618,115400,2005579,201701191530
ABEV3,17.33,17.3,17.33,17.27,17.29,826,270700,4704321,201701191545
ABEV3,17.23,17.33,17.36,17.23,17.33,1093,954700,16596660,201701191600
ABEV3,17.26,17.23,17.27,17.18,17.23,1063,364000,6295316,201701191615
ABEV3,17.27,17.26,17.28,17.24,17.26,759,162000,2807150,201701191630
ABEV3,17.25,17.25,17.3,17.24,17.27,930,163700,2838975,201701191645
ABEV3,17.2,17.24,17.26,17.2,17.25,870,264600,4577170,201701191700
ABEV3,17.18,17.2,17.22,17.17,17.2,699,271600,4689757,201701191715
ABEV3,17.18,17.17,17.19,17.15,17.18,1242,450600,7769368,201701191730
ABEV3,17.21,17.18,17.23,17.18,17.18,675,322000,5562019,201701191745
ABEV3,17.23,17.23,17.23,17.23,17.21,101,2390800,41360840,201701191800
ABEV3,17.34,17.43,17.43,17.31,17.23,395,133900,2337840,201701201000
ABEV3,17.33,17.35,17.35,17.3,17.34,355,87300,1518655,201701201015
ABEV3,17.25,17.33,17.33,17.23,17.33,429,153700,2665399,201701201030
ABEV3,17.31,17.25,17.32,17.23,17.25,308,68600,1189723,201701201045
ABEV3,17.29,17.3,17.3,17.28,17.31,312,81000,1406302,201701201100
ABEV3,17.32,17.29,17.33,17.27,17.29,480,217500,3779453,201701201115
ABEV3,17.3,17.32,17.33,17.29,17.32,356,185700,3228222,201701201130
ABEV3,17.3,17.31,17.33,17.27,17.3,369,92300,1603638,201701201145
ABEV3,17.31,17.3,17.33,17.3,17.3,242,69500,1208306,201701201200
ABEV3,17.32,17.32,17.33,17.31,17.31,521,207500,3609944,201701201215
ABEV3,17.29,17.33,17.33,17.27,17.32,1180,567200,9857684,201701201230
ABEV3,17.29,17.29,17.34,17.27,17.29,1231,670800,11646240,201701201245
ABEV3,17.26,17.29,17.29,17.25,17.29,1062,265200,4598448,201701201300
ABEV3,17.2,17.27,17.29,17.19,17.26,1624,475900,8242945,201701201315
ABEV3,17.26,17.2,17.27,17.19,17.2,1190,660600,11444884,201701201330
ABEV3,17.27,17.26,17.29,17.25,17.26,826,758700,13163180,201701201345
ABEV3,17.2,17.27,17.3,17.2,17.27,705,165700,2873423,201701201400
ABEV3,17.22,17.2,17.25,17.2,17.2,456,101700,1759361,201701201415
ABEV3,17.21,17.22,17.23,17.18,17.22,548,182000,3145573,201701201430
ABEV3,17.22,17.21,17.22,17.19,17.21,466,178900,3092362,201701201445
ABEV3,17.13,17.21,17.22,17.13,17.22,564,198400,3421545,201701201500
ABEV3,17.18,17.14,17.19,17.13,17.13,708,322800,5565978,201701201515
ABEV3,17.15,17.17,17.23,17.14,17.18,578,223000,3845237,201701201530
ABEV3,17.15,17.15,17.16,17.1,17.15,614,217500,3740474,201701201545
ABEV3,17.18,17.14,17.2,17.12,17.15,636,218700,3768985,201701201600
ABEV3,17.18,17.18,17.19,17.12,17.18,740,530300,9146465,201701201615
ABEV3,17.23,17.18,17.24,17.17,17.18,661,539500,9328198,201701201630
ABEV3,17.23,17.24,17.24,17.22,17.23,404,65800,1138200,201701201645
ABEV3,17.28,17.22,17.29,17.22,17.23,683,441700,7651395,201701201700
ABEV3,17.29,17.29,17.31,17.27,17.28,485,162300,2817274,201701201715
ABEV3,17.25,17.27,17.3,17.25,17.29,437,90800,1574817,201701201730
ABEV3,17.24,17.25,17.27,17.23,17.25,208,57100,988754,201701201745
ABEV3,17.28,17.28,17.28,17.28,17.24,112,1467100,25454185,201701201800
ABEV3,17.14,17.24,17.28,17.14,17.28,177,86500,1495073,201701231000
ABEV3,17.16,17.15,17.19,17.13,17.14,238,108900,1875417,201701231015
ABEV3,17.17,17.16,17.19,17.14,17.16,242,104400,1799667,201701231030
ABEV3,17.13,17.17,17.18,17.11,17.17,193,96400,1658436,201701231045
ABEV3,17.18,17.13,17.19,17.12,17.13,156,48800,840293,201701231100
ABEV3,17.18,17.19,17.23,17.18,17.18,162,44000,759816,201701231115
ABEV3,17.14,17.19,17.2,17.14,17.18,131,20200,348238,201701231130
ABEV3,17.14,17.15,17.16,17.14,17.14,134,17000,292670,201701231145
ABEV3,17.15,17.15,17.19,17.14,17.14,179,42900,739482,201701231200
ABEV3,17.17,17.16,17.19,17.13,17.15,377,103500,1782980,201701231215
ABEV3,17.18,17.18,17.22,17.13,17.17,718,274800,4739382,201701231230
ABEV3,17.18,17.18,17.21,17.15,17.18,415,111700,1926979,201701231245
ABEV3,17.16,17.19,17.21,17.14,17.18,340,70700,1219606,201701231300
ABEV3,17.12,17.16,17.16,17.11,17.16,513,121500,2089848,201701231315
ABEV3,17.17,17.12,17.17,17.1,17.12,573,117300,2017031,201701231330
ABEV3,17.18,17.16,17.21,17.14,17.17,991,247300,4267031,201701231345
ABEV3,17.18,17.19,17.28,17.16,17.18,768,251700,4354846,201701231400
ABEV3,17.27,17.18,17.27,17.17,17.18,622,172100,2974310,201701231415
ABEV3,17.24,17.27,17.32,17.24,17.27,807,216500,3758328,201701231430
ABEV3,17.27,17.25,17.29,17.2,17.24,724,182600,3163524,201701231445
ABEV3,17.29,17.28,17.32,17.27,17.27,702,174800,3035093,201701231500
ABEV3,17.29,17.3,17.33,17.28,17.29,653,174300,3029993,201701231515
ABEV3,17.3,17.3,17.33,17.28,17.29,613,168100,2920755,201701231530
ABEV3,17.31,17.31,17.32,17.28,17.3,403,109300,1898966,201701231545
ABEV3,17.3,17.31,17.32,17.29,17.31,432,203000,3528229,201701231600
ABEV3,17.3,17.3,17.33,17.29,17.3,906,289700,5036800,201701231615
ABEV3,17.32,17.31,17.33,17.3,17.3,595,206800,3597060,201701231630
ABEV3,17.31,17.32,17.33,17.31,17.32,560,174000,3026107,201701231645
ABEV3,17.32,17.32,17.33,17.31,17.31,705,247100,4298305,201701231700
ABEV3,17.32,17.32,17.33,17.29,17.32,603,243100,4225061,201701231715
ABEV3,17.31,17.32,17.33,17.27,17.32,554,191100,3317234,201701231730
ABEV3,17.33,17.31,17.33,17.29,17.31,770,135100,2349795,201701231745
ABEV3,17.27,17.27,17.27,17.27,17.33,135,1799800,31208532,201701231800
ABEV3,17.2,17.28,17.29,17.18,17.27,357,165200,2844869,201701241000
ABEV3,17.19,17.19,17.22,17.13,17.2,434,134600,2311312,201701241015
ABEV3,17.2,17.19,17.21,17.16,17.19,256,65200,1120994,201701241030
ABEV3,17.17,17.2,17.2,17.15,17.2,295,123300,2117607,201701241045
ABEV3,17.17,17.17,17.19,17.16,17.17,284,82300,1413455,201701241100
ABEV3,17.17,17.17,17.21,17.13,17.17,336,143100,2455763,201701241115
ABEV3,17.24,17.17,17.24,17.15,17.17,292,94700,1629468,201701241130
ABEV3,17.23,17.23,17.25,17.21,17.24,205,31900,549796,201701241145
ABEV3,17.23,17.23,17.24,17.2,17.23,169,58800,1012370,201701241200
ABEV3,17.2,17.21,17.23,17.18,17.23,285,107500,1848738,201701241215
ABEV3,17.33,17.2,17.33,17.19,17.2,575,214800,3711150,201701241230
ABEV3,17.37,17.33,17.43,17.33,17.33,559,251700,4374313,201701241245
ABEV3,17.32,17.37,17.39,17.32,17.37,520,242600,4210257,201701241300
ABEV3,17.32,17.33,17.36,17.32,17.32,582,529800,9183791,201701241315
ABEV3,17.31,17.33,17.36,17.31,17.32,626,218100,3780101,201701241330
ABEV3,17.33,17.33,17.35,17.31,17.31,539,207600,3597086,201701241345
ABEV3,17.4,17.34,17.4,17.33,17.33,435,951100,16522675,201701241400
ABEV3,17.44,17.4,17.45,17.38,17.4,958,318900,5553065,201701241415
ABEV3,17.42,17.44,17.45,17.41,17.44,904,322700,5621507,201701241430
ABEV3,17.42,17.42,17.42,17.4,17.42,1174,423000,7366550,201701241445
ABEV3,17.42,17.42,17.43,17.4,17.42,1173,366700,6388266,201701241500
ABEV3,17.41,17.42,17.43,17.39,17.42,1041,326900,5692358,201701241515
ABEV3,17.41,17.41,17.43,17.39,17.41,966,316900,5520157,201701241530
ABEV3,17.42,17.41,17.43,17.39,17.41,925,255000,4440256,201701241545
ABEV3,17.43,17.42,17.43,17.41,17.42,928,230800,4022011,201701241600
ABEV3,17.42,17.43,17.43,17.41,17.43,1114,302800,5277478,201701241615
ABEV3,17.42,17.43,17.44,17.41,17.42,1218,360000,6274085,201701241630
ABEV3,17.43,17.43,17.43,17.4,17.42,1247,353800,6163759,201701241645
ABEV3,17.42,17.43,17.43,17.4,17.43,1203,1017600,17731661,201701241700
ABEV3,17.41,17.42,17.42,17.4,17.42,1035,500400,8712869,201701241715
ABEV3,17.41,17.41,17.42,17.39,17.41,1067,196700,3423938,201701241730
ABEV3,17.38,17.41,17.42,17.38,17.41,578,193700,3370496,201701241745
ABEV3,17.3,17.3,17.3,17.3,17.38,213,2027800,35080940,201701241800
ABEV3,17.39,17.36,17.47,17.35,17.3,489,249400,4341966,201701261000
ABEV3,17.36,17.39,17.39,17.35,17.39,369,93200,1618469,201701261015
ABEV3,17.36,17.36,17.42,17.32,17.36,479,143800,2497363,201701261030
ABEV3,17.34,17.35,17.37,17.32,17.36,516,147400,2556774,201701261045
ABEV3,17.34,17.34,17.38,17.3,17.34,438,224200,3885835,201701261100
ABEV3,17.33,17.34,17.37,17.31,17.34,444,311300,5396932,201701261115
ABEV3,17.39,17.33,17.41,17.32,17.33,480,368400,6403952,201701261130
ABEV3,17.42,17.4,17.43,17.39,17.39,247,1272200,22137525,201701261145
ABEV3,17.4,17.43,17.43,17.39,17.42,275,206600,3598123,201701261200
ABEV3,17.37,17.4,17.42,17.35,17.4,481,175300,3046797,201701261215
ABEV3,17.34,17.38,17.39,17.32,17.37,379,184400,3198224,201701261230
ABEV3,17.3,17.34,17.34,17.3,17.34,304,133500,2311648,201701261245
ABEV3,17.39,17.31,17.39,17.3,17.3,1138,399200,6930677,201701261300
ABEV3,17.32,17.38,17.39,17.32,17.39,330,96000,1666708,201701261315
ABEV3,17.33,17.32,17.35,17.31,17.32,314,97800,1694860,201701261330
ABEV3,17.32,17.34,17.35,17.32,17.33,368,104600,1813500,201701261345
ABEV3,17.39,17.33,17.41,17.33,17.32,504,139200,2419000,201701261400
ABEV3,17.37,17.38,17.4,17.36,17.39,354,95800,1665094,201701261415
ABEV3,17.35,17.38,17.4,17.35,17.37,520,161300,2802321,201701261430
ABEV3,17.35,17.36,17.38,17.35,17.35,439,121800,2114899,201701261445
ABEV3,17.36,17.36,17.38,17.33,17.35,501,137400,2384804,201701261500
ABEV3,17.37,17.36,17.4,17.35,17.36,584,186100,3232322,201701261515
ABEV3,17.36,17.37,17.39,17.35,17.37,434,127700,2218322,201701261530
ABEV3,17.36,17.36,17.36,17.33,17.36,428,124000,2150666,201701261545
ABEV3,17.33,17.35,17.37,17.33,17.36,464,146200,2537418,201701261600
ABEV3,17.36,17.33,17.38,17.33,17.33,446,129700,2250101,201701261615
ABEV3,17.34,17.36,17.38,17.33,17.36,564,152600,2648510,201701261630
ABEV3,17.36,17.34,17.37,17.33,17.34,452,132400,2297378,201701261645
ABEV3,17.33,17.37,17.37,17.33,17.36,465,150500,2611335,201701261700
ABEV3,17.34,17.34,17.36,17.32,17.33,509,186800,3239502,201701261715
ABEV3,17.34,17.34,17.36,17.32,17.34,559,161800,2805261,201701261730
ABEV3,17.36,17.34,17.37,17.33,17.34,492,172900,2999963,201701261745
ABEV3,17.31,17.31,17.31,17.31,17.36,115,1255500,21732705,201701261800
ABEV3,17.22,17.3,17.32,17.2,17.31,159,99500,1717727,201701271000
ABEV3,17.27,17.23,17.29,17.22,17.22,129,56600,976827,201701271015
ABEV3,17.26,17.27,17.29,17.26,17.27,70,15900,274697,201701271030
ABEV3,17.24,17.27,17.27,17.24,17.26,79,22600,390004,201701271045
ABEV3,17.22,17.24,17.25,17.22,17.24,112,40700,701365,201701271100
ABEV3,17.24,17.22,17.26,17.22,17.22,271,618600,10670171,201701271115
ABEV3,17.25,17.25,17.28,17.23,17.24,348,1085700,18720089,201701271130
ABEV3,17.26,17.25,17.28,17.24,17.25,142,198000,3416113,201701271145
ABEV3,17.27,17.26,17.28,17.25,17.26,117,48000,828484,201701271200
ABEV3,17.25,17.27,17.28,17.25,17.27,204,158300,2730949,201701271215
ABEV3,17.3,17.26,17.34,17.26,17.25,832,308900,5343507,201701271230
ABEV3,17.25,17.3,17.31,17.25,17.3,305,104300,1802730,201701271245
ABEV3,17.23,17.25,17.27,17.22,17.25,468,204500,3526000,201701271300
ABEV3,17.16,17.23,17.24,17.16,17.23,878,271500,4670556,201701271315
ABEV3,17.11,17.16,17.19,17.06,17.16,1663,601600,10303995,201701271330
ABEV3,17.06,17.11,17.13,17.02,17.11,1150,503000,8589442,201701271345
ABEV3,17.14,17.07,17.16,17.06,17.06,1391,690500,11813367,201701271400
ABEV3,17.16,17.16,17.19,17.15,17.14,1249,349200,5995898,201701271415
ABEV3,17.15,17.17,17.19,17.14,17.16,919,247300,4244543,201701271430
ABEV3,17.17,17.15,17.18,17.12,17.15,1283,431800,7402578,201701271445
ABEV3,17.17,17.15,17.21,17.14,17.17,1054,322200,5535607,201701271500
ABEV3,17.2,17.17,17.2,17.16,17.17,1308,1858600,31915632,201701271515
ABEV3,17.17,17.18,17.2,17.16,17.2,1349,285900,4911568,201701271530
ABEV3,17.26,17.17,17.26,17.17,17.17,1149,302200,5201738,201701271545
ABEV3,17.23,17.25,17.27,17.21,17.26,1404,357300,6158257,201701271600
ABEV3,17.24,17.23,17.25,17.2,17.23,991,329100,5670779,201701271615
ABEV3,17.3,17.23,17.3,17.23,17.24,1600,435400,7515352,201701271630
ABEV3,17.28,17.29,17.3,17.26,17.3,760,240500,4155500,201701271645
ABEV3,17.3,17.28,17.31,17.25,17.28,902,233700,4037610,201701271700
ABEV3,17.31,17.31,17.32,17.28,17.3,450,326100,5643464,201701271715
ABEV3,17.35,17.3,17.36,17.3,17.31,1884,560400,9710561,201701271730
ABEV3,17.35,17.35,17.39,17.3,17.35,1965,630500,10946479,201701271745
ABEV3,17.32,17.32,17.32,17.32,17.35,213,1276300,22105516,201701271800
ABEV3,17.27,17.24,17.27,17.19,17.32,142,74100,1276887,201701301000
ABEV3,17.28,17.25,17.3,17.24,17.27,128,73700,1273487,201701301015
ABEV3,17.31,17.28,17.32,17.27,17.28,155,74800,1294427,201701301030
ABEV3,17.28,17.32,17.32,17.26,17.31,145,49300,852667,201701301045
ABEV3,17.26,17.28,17.28,17.25,17.28,65,16900,291701,201701301100
ABEV3,17.23,17.25,17.26,17.23,17.26,107,38600,665750,201701301115
ABEV3,17.17,17.25,17.25,17.16,17.23,278,133900,2304112,201701301130
ABEV3,17.21,17.17,17.24,17.16,17.17,234,78200,1346197,201701301145
ABEV3,17.21,17.2,17.23,17.16,17.21,252,91500,1573802,201701301200
ABEV3,17.21,17.21,17.24,17.19,17.21,475,126400,2175343,201701301215
ABEV3,17.18,17.2,17.22,17.11,17.21,1234,402300,6907304,201701301230
ABEV3,17.14,17.18,17.2,17.09,17.18,1040,317400,5439022,201701301245
ABEV3,17.07,17.12,17.17,17.05,17.14,1054,266600,4558883,201701301300
ABEV3,17.07,17.07,17.11,17.03,17.07,773,198200,3381122,201701301315
ABEV3,17.05,17.07,17.07,17.02,17.07,510,124100,2114634,201701301330
ABEV3,17.03,17.05,17.06,17.02,17.05,537,103500,1762966,201701301345
ABEV3,17.07,17.05,17.1,17.03,17.03,733,172900,2951801,201701301400
ABEV3,17.08,17.07,17.08,17.05,17.07,421,75000,1279956,201701301415
ABEV3,17.09,17.08,17.11,17.06,17.08,496,297300,5076526,201701301430
ABEV3,17.07,17.09,17.09,17.04,17.09,834,200900,3427822,201701301445
ABEV3,17.1,17.06,17.11,17.05,17.07,533,354100,6043871,201701301500
ABEV3,17.1,17.1,17.13,17.08,17.1,409,57900,990493,201701301515
ABEV3,17.06,17.1,17.11,17.06,17.1,544,91500,1563048,201701301530
ABEV3,17.03,17.08,17.08,17.02,17.06,536,128300,2186733,201701301545
ABEV3,16.96,17.04,17.04,16.95,17.03,712,198200,3369398,201701301600
ABEV3,16.92,16.96,16.99,16.91,16.96,644,200500,3397398,201701301615
ABEV3,16.91,16.93,16.98,16.89,16.92,1266,341500,5782047,201701301630
ABEV3,16.96,16.92,16.96,16.91,16.91,1077,184900,3129776,201701301645
ABEV3,16.94,16.95,16.97,16.91,16.96,570,166800,2824388,201701301700
ABEV3,16.94,16.93,17.01,16.92,16.94,733,186700,3168763,201701301715
ABEV3,16.97,16.95,16.98,16.93,16.94,1031,289100,4900955,201701301730
ABEV3,16.98,16.97,16.99,16.96,16.97,481,199500,3385773,201701301745
ABEV3,16.97,16.97,16.97,16.97,16.98,156,810000,13745700,201701301800
ABEV3,16.92,16.93,16.99,16.91,16.97,164,86800,1469789,201701311000
ABEV3,16.95,16.92,16.95,16.92,16.92,135,43500,736693,201701311015
ABEV3,16.96,16.95,17.01,16.94,16.95,182,78500,1332151,201701311030
ABEV3,16.98,16.96,16.99,16.96,16.96,96,32300,548341,201701311045
ABEV3,16.97,16.99,16.99,16.96,16.98,115,31300,531080,201701311100
ABEV3,16.96,16.96,16.99,16.95,16.97,186,63700,1080812,201701311115
ABEV3,17.05,16.97,17.05,16.96,16.96,245,82800,1408469,201701311130
ABEV3,16.97,17.04,17.05,16.95,17.05,228,143900,2446542,201701311145
ABEV3,17.01,16.96,17.01,16.96,16.97,153,49000,832529,201701311200
ABEV3,17.08,17.01,17.08,17,17.01,279,119000,2027147,201701311215
ABEV3,16.97,17.07,17.1,16.97,17.08,739,389400,6629286,201701311230
ABEV3,16.98,16.97,17,16.97,16.97,489,161700,2746357,201701311245
ABEV3,16.96,16.99,16.99,16.94,16.98,312,147100,2496049,201701311300
ABEV3,17,16.96,17.02,16.96,16.96,364,132100,2244539,201701311315
ABEV3,17.05,17.01,17.05,17.01,17,540,166700,2838815,201701311330
ABEV3,17.06,17.05,17.08,17.04,17.05,373,146500,2498807,201701311345
ABEV3,17.08,17.07,17.09,17.05,17.06,320,86900,1483510,201701311400
ABEV3,17.09,17.08,17.1,17.07,17.08,340,318200,5435965,201701311415
ABEV3,17.11,17.09,17.12,17.09,17.09,398,138400,2367105,201701311430
ABEV3,17.1,17.12,17.13,17.09,17.11,423,122500,2096239,201701311445
ABEV3,17.1,17.1,17.12,17.08,17.1,422,203400,3479372,201701311500
ABEV3,17.13,17.11,17.15,17.1,17.1,416,172600,2956057,201701311515
ABEV3,17.18,17.14,17.19,17.12,17.13,453,186100,3193051,201701311530
ABEV3,17.13,17.18,17.21,17.11,17.18,446,209300,3590777,201701311545
ABEV3,17.18,17.14,17.18,17.13,17.13,432,174800,2997453,201701311600
ABEV3,17.16,17.18,17.19,17.14,17.18,633,201200,3453687,201701311615
ABEV3,17.2,17.17,17.22,17.16,17.16,527,218500,3756390,201701311630
ABEV3,17.15,17.2,17.21,17.13,17.2,519,159400,2736369,201701311645
ABEV3,17.18,17.15,17.2,17.15,17.15,393,174100,2991660,201701311700
ABEV3,17.23,17.19,17.25,17.17,17.18,599,267700,4607483,201701311715
ABEV3,17.18,17.23,17.23,17.15,17.23,686,325200,5587484,201701311730
ABEV3,17.2,17.19,17.2,17.17,17.18,359,127800,2196720,201701311745
ABEV3,17.2,17.2,17.2,17.2,17.2,123,2096700,36063240,201701311800
